{"marketStats": {"globalMarketSize": "$188.8B", "playerCount": "3.6B", "spendMultiplier": "1.6x", "transactionMultiplier": "2.2x", "avgAnnualSpend": "$147", "monthlyBuyers": "50%"}, "personas": [{"id": "mobile-only", "name": "Mobile-Only Gamers", "description": "Play games exclusively on smartphones or tablets", "percentage": 65, "male": 65, "female": 35, "interests": ["Esports", "Adventure/Extreme Sports"], "devices": ["Smartphone", "Tablet"], "sampleSize": 19214}, {"id": "casual", "name": "Casual Gamers", "description": "Play games on console or PC, occasional gaming sessions", "percentage": 35, "male": 60, "female": 40, "interests": ["Adventure/Extreme Sports"], "devices": ["Console", "PC", "Laptop"], "sampleSize": 18886}, {"id": "social", "name": "Social Gamers", "description": "Play online with friends and share gaming content", "percentage": 39, "male": 61, "female": 39, "interests": ["Esports", "Adventure/Extreme Sports"], "devices": ["Console", "PC", "Laptop"], "sampleSize": 13466, "topCountry": "Brazil"}, {"id": "esports-fans", "name": "Esports Fans", "description": "Watch live gaming streams and tournaments", "percentage": 62, "male": 62, "female": 38, "interests": ["Esports"], "devices": ["Console", "PC", "Laptop"], "sampleSize": 6450, "topCountry": "Brazil"}, {"id": "cloud", "name": "Cloud Gamers", "description": "Play games using cloud gaming or streaming services", "percentage": 29, "male": 61, "female": 39, "interests": ["Vegan Food"], "devices": ["Console", "PC", "Laptop"], "sampleSize": 6723}, {"id": "influencers", "name": "Gaming Influencers", "description": "Stream gameplay and purchase game content", "percentage": 29, "male": 62, "female": 38, "interests": ["Vegan Food"], "devices": ["Console", "PC", "Laptop"], "sampleSize": 1659}]}