{"tiers": [{"id": "bronze", "name": "Bronze", "color": "linear-gradient(135deg, #cd7f32, #e8b887)", "unlockRequirement": "0 XP", "benefits": ["2x XP on gaming purchases", "Basic card protection", "Monthly gaming deals", "Standard customer support"], "level": 1}, {"id": "silver", "name": "Silver", "color": "linear-gradient(135deg, #b8b8b8, #e8e8e8)", "unlockRequirement": "1,000 XP", "benefits": ["3x XP on gaming purchases", "Enhanced fraud protection", "Priority access to new games", "Dedicated gaming support"], "level": 2}, {"id": "gold", "name": "Gold", "color": "linear-gradient(135deg, #d4af37, #f4e5b5)", "unlockRequirement": "5,000 XP", "benefits": ["4x XP on gaming purchases", "Premium card features", "Early tournament access", "VIP customer service", "Exclusive merchandise discounts"], "level": 3}, {"id": "platinum", "name": "Platinum", "color": "linear-gradient(135deg, #e5e4e2, #c0c0c0, #a8a8a8)", "unlockRequirement": "15,000 XP", "benefits": ["5x XP on all purchases", "Concierge gaming services", "Esports tournament VIP access", "Beta feature access", "Personal gaming advisor"], "level": 4}]}